seed,nfe,forward_process,predictor_type,corrector_type,num_steps,gibbs_k,gibbs_temperature,anneal_temperature,maskgit_temperature,corrector_step_size,avg_run_length,error_rate
0,16,CosineSchedule,md4,forward_backward,8,,,False,,0.01,5.3169394,0.020724408
1,16,CosineSchedule,md4,forward_backward,8,,,False,,0.01,5.2737837,0.020984255
2,16,CosineSchedule,md4,forward_backward,8,,,False,,0.01,5.2997684,0.02066142
3,16,CosineSchedule,md4,forward_backward,8,,,False,,0.01,5.34804,0.020464573
4,16,CosineSchedule,md4,forward_backward,8,,,False,,0.01,5.2644567,0.02087402
0,16,CosineSchedule,md4,forward_backward,8,,,False,,0.1,5.6002803,0.017779531
1,16,CosineSchedule,md4,forward_backward,8,,,False,,0.1,5.5336995,0.017960636
2,16,CosineSchedule,md4,forward_backward,8,,,False,,0.1,5.6152663,0.017433075
3,16,CosineSchedule,md4,forward_backward,8,,,False,,0.1,5.5946503,0.018157488
4,16,CosineSchedule,md4,forward_backward,8,,,False,,0.1,5.6000347,0.017275594
0,16,CosineSchedule,md4,forward_backward,8,,,False,,0.5,6.032898,0.012220476
1,16,CosineSchedule,md4,forward_backward,8,,,False,,0.5,6.002344,0.011732285
2,16,CosineSchedule,md4,forward_backward,8,,,False,,0.5,6.129975,0.012267717
3,16,CosineSchedule,md4,forward_backward,8,,,False,,0.5,6.0580244,0.012559057
4,16,CosineSchedule,md4,forward_backward,8,,,False,,0.5,6.1585836,0.011598427
0,16,CosineSchedule,md4,forward_backward,8,,,False,,1.0,5.9152455,0.011480316
1,16,CosineSchedule,md4,forward_backward,8,,,False,,1.0,5.9256516,0.012000002
2,16,CosineSchedule,md4,forward_backward,8,,,False,,1.0,5.9251027,0.011496063
3,16,CosineSchedule,md4,forward_backward,8,,,False,,1.0,5.9182544,0.0118582705
4,16,CosineSchedule,md4,forward_backward,8,,,False,,1.0,5.9198966,0.011377954
0,16,CosineSchedule,md4,forward_backward,8,,,False,,1.5,5.752809,0.012456694
1,16,CosineSchedule,md4,forward_backward,8,,,False,,1.5,5.6866145,0.013236222
2,16,CosineSchedule,md4,forward_backward,8,,,False,,1.5,5.7453213,0.012669294
3,16,CosineSchedule,md4,forward_backward,8,,,False,,1.5,5.7655063,0.012314962
4,16,CosineSchedule,md4,forward_backward,8,,,False,,1.5,5.6629653,0.012692914
0,16,CosineSchedule,md4,forward_backward,8,,,False,,2.0,5.53729,0.01389764
1,16,CosineSchedule,md4,forward_backward,8,,,False,,2.0,5.417531,0.014889767
2,16,CosineSchedule,md4,forward_backward,8,,,False,,2.0,5.522717,0.014519687
3,16,CosineSchedule,md4,forward_backward,8,,,False,,2.0,5.506561,0.014228346
4,16,CosineSchedule,md4,forward_backward,8,,,False,,2.0,5.374764,0.015220477
0,16,CosineSchedule,md4,forward_backward,8,,,False,,3.0,5.098383,0.018795274
1,16,CosineSchedule,md4,forward_backward,8,,,False,,3.0,5.0870357,0.019110238
2,16,CosineSchedule,md4,forward_backward,8,,,False,,3.0,5.119795,0.01953544
3,16,CosineSchedule,md4,forward_backward,8,,,False,,3.0,5.0894637,0.019322839
4,16,CosineSchedule,md4,forward_backward,8,,,False,,3.0,5.0687046,0.019165358
0,16,CosineSchedule,md4,forward_backward,8,,,False,,4.0,4.707613,0.025409453
1,16,CosineSchedule,md4,forward_backward,8,,,False,,4.0,4.73618,0.025543308
2,16,CosineSchedule,md4,forward_backward,8,,,False,,4.0,4.7426724,0.02480315
3,16,CosineSchedule,md4,forward_backward,8,,,False,,4.0,4.686756,0.026511807
4,16,CosineSchedule,md4,forward_backward,8,,,False,,4.0,4.68916,0.024740161
0,16,CosineSchedule,md4,forward_backward,8,,,False,,5.0,4.3777146,0.032440946
1,16,CosineSchedule,md4,forward_backward,8,,,False,,5.0,4.4086246,0.031834647
2,16,CosineSchedule,md4,forward_backward,8,,,False,,5.0,4.3807116,0.031952765
3,16,CosineSchedule,md4,forward_backward,8,,,False,,5.0,4.4275336,0.031897638
4,16,CosineSchedule,md4,forward_backward,8,,,False,,5.0,4.4156203,0.031590547
0,32,CosineSchedule,md4,forward_backward,16,,,False,,0.01,6.8706384,0.008937006
1,32,CosineSchedule,md4,forward_backward,16,,,False,,0.01,6.825211,0.009149605
2,32,CosineSchedule,md4,forward_backward,16,,,False,,0.01,6.795498,0.009299213
3,32,CosineSchedule,md4,forward_backward,16,,,False,,0.01,6.8743286,0.0091811
4,32,CosineSchedule,md4,forward_backward,16,,,False,,0.01,6.778584,0.009330708
0,32,CosineSchedule,md4,forward_backward,16,,,False,,0.1,7.079646,0.00798425
1,32,CosineSchedule,md4,forward_backward,16,,,False,,0.1,7.0410914,0.007803147
2,32,CosineSchedule,md4,forward_backward,16,,,False,,0.1,6.996447,0.0077480287
3,32,CosineSchedule,md4,forward_backward,16,,,False,,0.1,6.9903336,0.008007872
4,32,CosineSchedule,md4,forward_backward,16,,,False,,0.1,6.9949174,0.007905509
0,32,CosineSchedule,md4,forward_backward,16,,,False,,0.5,7.470526,0.0051181084
1,32,CosineSchedule,md4,forward_backward,16,,,False,,0.5,7.4224415,0.005354329
2,32,CosineSchedule,md4,forward_backward,16,,,False,,0.5,7.4414277,0.0053464547
3,32,CosineSchedule,md4,forward_backward,16,,,False,,0.5,7.5560803,0.0051889746
4,32,CosineSchedule,md4,forward_backward,16,,,False,,0.5,7.310526,0.005685038
0,32,CosineSchedule,md4,forward_backward,16,,,False,,1.0,7.1946487,0.0052362187
1,32,CosineSchedule,md4,forward_backward,16,,,False,,1.0,7.2455564,0.005338581
2,32,CosineSchedule,md4,forward_backward,16,,,False,,1.0,7.2599397,0.005401573
3,32,CosineSchedule,md4,forward_backward,16,,,False,,1.0,7.218588,0.0055039357
4,32,CosineSchedule,md4,forward_backward,16,,,False,,1.0,7.1813283,0.005401573
0,32,CosineSchedule,md4,forward_backward,16,,,False,,1.5,6.8813505,0.0058110217
1,32,CosineSchedule,md4,forward_backward,16,,,False,,1.5,6.9640913,0.0061889743
2,32,CosineSchedule,md4,forward_backward,16,,,False,,1.5,6.9968295,0.0058897617
3,32,CosineSchedule,md4,forward_backward,16,,,False,,1.5,6.93955,0.006165352
4,32,CosineSchedule,md4,forward_backward,16,,,False,,1.5,6.9523654,0.0059212577
0,32,CosineSchedule,md4,forward_backward,16,,,False,,2.0,6.5550265,0.006637793
1,32,CosineSchedule,md4,forward_backward,16,,,False,,2.0,6.5863953,0.0072362176
2,32,CosineSchedule,md4,forward_backward,16,,,False,,2.0,6.719866,0.0065118093
3,32,CosineSchedule,md4,forward_backward,16,,,False,,2.0,6.589446,0.0072519663
4,32,CosineSchedule,md4,forward_backward,16,,,False,,2.0,6.6966624,0.0070866123
0,32,CosineSchedule,md4,forward_backward,16,,,False,,3.0,6.20125,0.008456692
1,32,CosineSchedule,md4,forward_backward,16,,,False,,3.0,6.176116,0.008566928
2,32,CosineSchedule,md4,forward_backward,16,,,False,,3.0,6.235082,0.008913386
3,32,CosineSchedule,md4,forward_backward,16,,,False,,3.0,6.261006,0.008716534
4,32,CosineSchedule,md4,forward_backward,16,,,False,,3.0,6.2567215,0.008582677
0,32,CosineSchedule,md4,forward_backward,16,,,False,,4.0,5.916066,0.011181102
1,32,CosineSchedule,md4,forward_backward,16,,,False,,4.0,5.9130597,0.010480315
2,32,CosineSchedule,md4,forward_backward,16,,,False,,4.0,5.861074,0.010787403
3,32,CosineSchedule,md4,forward_backward,16,,,False,,4.0,5.8279834,0.010740157
4,32,CosineSchedule,md4,forward_backward,16,,,False,,4.0,5.812897,0.01144882
0,32,CosineSchedule,md4,forward_backward,16,,,False,,5.0,5.635291,0.013102365
1,32,CosineSchedule,md4,forward_backward,16,,,False,,5.0,5.63678,0.0136929145
2,32,CosineSchedule,md4,forward_backward,16,,,False,,5.0,5.587324,0.013685041
3,32,CosineSchedule,md4,forward_backward,16,,,False,,5.0,5.6147738,0.013417326
4,32,CosineSchedule,md4,forward_backward,16,,,False,,5.0,5.614281,0.012960632
0,64,CosineSchedule,md4,forward_backward,32,,,False,,0.01,8.082849,0.004204723
1,64,CosineSchedule,md4,forward_backward,32,,,False,,0.01,7.912958,0.004181101
2,64,CosineSchedule,md4,forward_backward,32,,,False,,0.01,7.8595114,0.0045039356
3,64,CosineSchedule,md4,forward_backward,32,,,False,,0.01,7.9360166,0.004204723
4,64,CosineSchedule,md4,forward_backward,32,,,False,,0.01,8.028603,0.004141731
0,64,CosineSchedule,md4,forward_backward,32,,,False,,0.1,8.234689,0.0034015737
1,64,CosineSchedule,md4,forward_backward,32,,,False,,0.1,8.034649,0.0036062982
2,64,CosineSchedule,md4,forward_backward,32,,,False,,0.1,7.8793473,0.004212597
3,64,CosineSchedule,md4,forward_backward,32,,,False,,0.1,8.086424,0.0033779514
4,64,CosineSchedule,md4,forward_backward,32,,,False,,0.1,8.031625,0.0038897628
0,64,CosineSchedule,md4,forward_backward,32,,,False,,0.5,8.18938,0.0027322825
1,64,CosineSchedule,md4,forward_backward,32,,,False,,0.5,8.264462,0.00243307
2,64,CosineSchedule,md4,forward_backward,32,,,False,,0.5,8.201448,0.0027559046
3,64,CosineSchedule,md4,forward_backward,32,,,False,,0.5,8.358911,0.002417322
4,64,CosineSchedule,md4,forward_backward,32,,,False,,0.5,8.355091,0.0024566923
0,64,CosineSchedule,md4,forward_backward,32,,,False,,1.0,8.209865,0.0025118103
1,64,CosineSchedule,md4,forward_backward,32,,,False,,1.0,8.344198,0.002259842
2,64,CosineSchedule,md4,forward_backward,32,,,False,,1.0,8.098702,0.0025511805
3,64,CosineSchedule,md4,forward_backward,32,,,False,,1.0,8.224108,0.0024724402
4,64,CosineSchedule,md4,forward_backward,32,,,False,,1.0,8.249549,0.0025433064
0,64,CosineSchedule,md4,forward_backward,32,,,False,,1.5,8.000501,0.0027637787
1,64,CosineSchedule,md4,forward_backward,32,,,False,,1.5,7.993006,0.0029133852
2,64,CosineSchedule,md4,forward_backward,32,,,False,,1.5,7.9532743,0.0027559048
3,64,CosineSchedule,md4,forward_backward,32,,,False,,1.5,8.027092,0.002842519
4,64,CosineSchedule,md4,forward_backward,32,,,False,,1.5,8.033136,0.002999999
0,64,CosineSchedule,md4,forward_backward,32,,,False,,2.0,7.6481833,0.0033779517
1,64,CosineSchedule,md4,forward_backward,32,,,False,,2.0,7.7986965,0.0032677157
2,64,CosineSchedule,md4,forward_backward,32,,,False,,2.0,7.642703,0.0034488179
3,64,CosineSchedule,md4,forward_backward,32,,,False,,2.0,7.719213,0.003622046
4,64,CosineSchedule,md4,forward_backward,32,,,False,,2.0,7.786362,0.0034330697
0,64,CosineSchedule,md4,forward_backward,32,,,False,,3.0,7.305519,0.0040629907
1,64,CosineSchedule,md4,forward_backward,32,,,False,,3.0,7.183747,0.004070865
2,64,CosineSchedule,md4,forward_backward,32,,,False,,3.0,7.2340903,0.0044724396
3,64,CosineSchedule,md4,forward_backward,32,,,False,,3.0,7.250892,0.004188975
4,64,CosineSchedule,md4,forward_backward,32,,,False,,3.0,7.223884,0.0040314947
0,64,CosineSchedule,md4,forward_backward,32,,,False,,4.0,6.8390675,0.005496061
1,64,CosineSchedule,md4,forward_backward,32,,,False,,4.0,6.8179398,0.004968502
2,64,CosineSchedule,md4,forward_backward,32,,,False,,4.0,6.70473,0.005535431
3,64,CosineSchedule,md4,forward_backward,32,,,False,,4.0,6.877653,0.005251967
4,64,CosineSchedule,md4,forward_backward,32,,,False,,4.0,6.8706384,0.0050551165
0,64,CosineSchedule,md4,forward_backward,32,,,False,,5.0,6.5600657,0.0065196827
1,64,CosineSchedule,md4,forward_backward,32,,,False,,5.0,6.530946,0.006314959
2,64,CosineSchedule,md4,forward_backward,32,,,False,,5.0,6.6393485,0.0061338567
3,64,CosineSchedule,md4,forward_backward,32,,,False,,5.0,6.4888983,0.006425195
4,64,CosineSchedule,md4,forward_backward,32,,,False,,5.0,6.5796237,0.0059212577
0,128,CosineSchedule,md4,forward_backward,64,,,False,,0.01,8.731241,0.0019763773
1,128,CosineSchedule,md4,forward_backward,64,,,False,,0.01,8.752735,0.0021811018
2,128,CosineSchedule,md4,forward_backward,64,,,False,,0.01,8.724695,0.0019685032
3,128,CosineSchedule,md4,forward_backward,64,,,False,,0.01,8.731837,0.0020708658
4,128,CosineSchedule,md4,forward_backward,64,,,False,,0.01,8.692109,0.0020866136
0,128,CosineSchedule,md4,forward_backward,64,,,False,,0.1,8.730051,0.001779527
1,128,CosineSchedule,md4,forward_backward,64,,,False,,0.1,8.761123,0.0018661412
2,128,CosineSchedule,md4,forward_backward,64,,,False,,0.1,8.823327,0.001787401
3,128,CosineSchedule,md4,forward_backward,64,,,False,,0.1,8.820894,0.0018346452
4,128,CosineSchedule,md4,forward_backward,64,,,False,,0.1,8.767724,0.001787401
0,128,CosineSchedule,md4,forward_backward,64,,,False,,0.5,8.734817,0.0014015745
1,128,CosineSchedule,md4,forward_backward,64,,,False,,0.5,8.826978,0.0012913382
2,128,CosineSchedule,md4,forward_backward,64,,,False,,0.5,8.788191,0.0013149602
3,128,CosineSchedule,md4,forward_backward,64,,,False,,0.5,8.968611,0.001125984
4,128,CosineSchedule,md4,forward_backward,64,,,False,,0.5,8.741379,0.0012755902
0,128,CosineSchedule,md4,forward_backward,64,,,False,,1.0,8.866108,0.0011811021
1,128,CosineSchedule,md4,forward_backward,64,,,False,,1.0,8.753333,0.0012519682
2,128,CosineSchedule,md4,forward_backward,64,,,False,,1.0,8.8784075,0.0011732279
3,128,CosineSchedule,md4,forward_backward,64,,,False,,1.0,8.807542,0.0013700784
4,128,CosineSchedule,md4,forward_backward,64,,,False,,1.0,8.659181,0.0011811021
0,128,CosineSchedule,md4,forward_backward,64,,,False,,1.5,8.627081,0.0016220468
1,128,CosineSchedule,md4,forward_backward,64,,,False,,1.5,8.74556,0.0013858264
2,128,CosineSchedule,md4,forward_backward,64,,,False,,1.5,8.735413,0.0013228343
3,128,CosineSchedule,md4,forward_backward,64,,,False,,1.5,8.730051,0.0014015745
4,128,CosineSchedule,md4,forward_backward,64,,,False,,1.5,8.593488,0.0014724405
0,128,CosineSchedule,md4,forward_backward,64,,,False,,2.0,8.527649,0.0015511807
1,128,CosineSchedule,md4,forward_backward,64,,,False,,2.0,8.5344715,0.0015511807
2,128,CosineSchedule,md4,forward_backward,64,,,False,,2.0,8.553863,0.0014251965
3,128,CosineSchedule,md4,forward_backward,64,,,False,,2.0,8.512336,0.001795275
4,128,CosineSchedule,md4,forward_backward,64,,,False,,2.0,8.48919,0.001787401
0,128,CosineSchedule,md4,forward_backward,64,,,False,,3.0,8.134214,0.0020866136
1,128,CosineSchedule,md4,forward_backward,64,,,False,,3.0,8.1378355,0.0019133853
2,128,CosineSchedule,md4,forward_backward,64,,,False,,3.0,8.094605,0.0019999994
3,128,CosineSchedule,md4,forward_backward,64,,,False,,3.0,8.078768,0.0022204716
4,128,CosineSchedule,md4,forward_backward,64,,,False,,3.0,8.067058,0.002299212
0,128,CosineSchedule,md4,forward_backward,64,,,False,,4.0,7.843137,0.002456692
1,128,CosineSchedule,md4,forward_backward,64,,,False,,4.0,7.7458396,0.0024645664
2,128,CosineSchedule,md4,forward_backward,64,,,False,,4.0,7.825396,0.0025196841
3,128,CosineSchedule,md4,forward_backward,64,,,False,,4.0,7.9537687,0.0024881882
4,128,CosineSchedule,md4,forward_backward,64,,,False,,4.0,7.8919783,0.0023385822
0,128,CosineSchedule,md4,forward_backward,64,,,False,,5.0,7.5373926,0.0031102353
1,128,CosineSchedule,md4,forward_backward,64,,,False,,5.0,7.481443,0.0031259833
2,128,CosineSchedule,md4,forward_backward,64,,,False,,5.0,7.5757575,0.0033543298
3,128,CosineSchedule,md4,forward_backward,64,,,False,,5.0,7.5668006,0.002826771
4,128,CosineSchedule,md4,forward_backward,64,,,False,,5.0,7.511737,0.0032677157
0,16,LinearSchedule,md4,forward_backward,8,,,False,,0.01,2.4801395,0.13259842
1,16,LinearSchedule,md4,forward_backward,8,,,False,,0.01,2.4616332,0.13365355
2,16,LinearSchedule,md4,forward_backward,8,,,False,,0.01,2.4704225,0.13243309
3,16,LinearSchedule,md4,forward_backward,8,,,False,,0.01,2.4822078,0.13370866
4,16,LinearSchedule,md4,forward_backward,8,,,False,,0.01,2.4620118,0.1323937
0,16,LinearSchedule,md4,forward_backward,8,,,False,,0.1,2.5670338,0.12823622
1,16,LinearSchedule,md4,forward_backward,8,,,False,,0.1,2.5509696,0.13020474
2,16,LinearSchedule,md4,forward_backward,8,,,False,,0.1,2.5395315,0.12932284
3,16,LinearSchedule,md4,forward_backward,8,,,False,,0.1,2.569301,0.12893702
4,16,LinearSchedule,md4,forward_backward,8,,,False,,0.1,2.54772,0.12735432
0,16,LinearSchedule,md4,forward_backward,8,,,False,,0.5,2.6268265,0.12860632
1,16,LinearSchedule,md4,forward_backward,8,,,False,,0.5,2.6341786,0.12823623
2,16,LinearSchedule,md4,forward_backward,8,,,False,,0.5,2.6314166,0.1293937
3,16,LinearSchedule,md4,forward_backward,8,,,False,,0.5,2.6289847,0.12709449
4,16,LinearSchedule,md4,forward_backward,8,,,False,,0.5,2.6353173,0.1270394
0,16,LinearSchedule,md4,forward_backward,8,,,False,,1.0,2.4589376,0.14609449
1,16,LinearSchedule,md4,forward_backward,8,,,False,,1.0,2.4420958,0.14629133
2,16,LinearSchedule,md4,forward_backward,8,,,False,,1.0,2.4557767,0.14586611
3,16,LinearSchedule,md4,forward_backward,8,,,False,,1.0,2.450652,0.14602363
4,16,LinearSchedule,md4,forward_backward,8,,,False,,1.0,2.4577572,0.14266929
0,16,LinearSchedule,md4,forward_backward,8,,,False,,1.5,2.2552283,0.16503938
1,16,LinearSchedule,md4,forward_backward,8,,,False,,1.5,2.247941,0.16483465
2,16,LinearSchedule,md4,forward_backward,8,,,False,,1.5,2.2427418,0.16848038
3,16,LinearSchedule,md4,forward_backward,8,,,False,,1.5,2.2489676,0.16478741
4,16,LinearSchedule,md4,forward_backward,8,,,False,,1.5,2.2632034,0.16433069
0,16,LinearSchedule,md4,forward_backward,8,,,False,,2.0,2.09164,0.18698426
1,16,LinearSchedule,md4,forward_backward,8,,,False,,2.0,2.0901372,0.18518901
2,16,LinearSchedule,md4,forward_backward,8,,,False,,2.0,2.094995,0.185126
3,16,LinearSchedule,md4,forward_backward,8,,,False,,2.0,2.0940354,0.18359844
4,16,LinearSchedule,md4,forward_backward,8,,,False,,2.0,2.1056442,0.18163781
0,16,LinearSchedule,md4,forward_backward,8,,,False,,3.0,1.8968583,0.2177401
1,16,LinearSchedule,md4,forward_backward,8,,,False,,3.0,1.894416,0.21659847
2,16,LinearSchedule,md4,forward_backward,8,,,False,,3.0,1.8969989,0.21757482
3,16,LinearSchedule,md4,forward_backward,8,,,False,,3.0,1.9012536,0.2134173
4,16,LinearSchedule,md4,forward_backward,8,,,False,,3.0,1.9103336,0.21371657
0,16,LinearSchedule,md4,forward_backward,8,,,False,,4.0,1.8137763,0.23690553
1,16,LinearSchedule,md4,forward_backward,8,,,False,,4.0,1.8160409,0.23557483
2,16,LinearSchedule,md4,forward_backward,8,,,False,,4.0,1.8007373,0.2375591
3,16,LinearSchedule,md4,forward_backward,8,,,False,,4.0,1.8051051,0.23596853
4,16,LinearSchedule,md4,forward_backward,8,,,False,,4.0,1.810006,0.23333068
0,16,LinearSchedule,md4,forward_backward,8,,,False,,5.0,1.7725831,0.24970078
1,16,LinearSchedule,md4,forward_backward,8,,,False,,5.0,1.7750413,0.24660636
2,16,LinearSchedule,md4,forward_backward,8,,,False,,5.0,1.7660286,0.24906299
3,16,LinearSchedule,md4,forward_backward,8,,,False,,5.0,1.7699115,0.24721257
4,16,LinearSchedule,md4,forward_backward,8,,,False,,5.0,1.7727795,0.24355906
0,32,LinearSchedule,md4,forward_backward,16,,,False,,0.01,3.7199569,0.0704567
1,32,LinearSchedule,md4,forward_backward,16,,,False,,0.01,3.714236,0.06890551
2,32,LinearSchedule,md4,forward_backward,16,,,False,,0.01,3.7624927,0.068677165
3,32,LinearSchedule,md4,forward_backward,16,,,False,,0.01,3.7216876,0.069173224
4,32,LinearSchedule,md4,forward_backward,16,,,False,,0.01,3.7340646,0.06914959
0,32,LinearSchedule,md4,forward_backward,16,,,False,,0.1,3.8655512,0.06737795
1,32,LinearSchedule,md4,forward_backward,16,,,False,,0.1,3.80375,0.06698425
2,32,LinearSchedule,md4,forward_backward,16,,,False,,0.1,3.8572807,0.06684253
3,32,LinearSchedule,md4,forward_backward,16,,,False,,0.1,3.852521,0.06724409
4,32,LinearSchedule,md4,forward_backward,16,,,False,,0.1,3.849624,0.06852755
0,32,LinearSchedule,md4,forward_backward,16,,,False,,0.5,3.9128177,0.06858268
1,32,LinearSchedule,md4,forward_backward,16,,,False,,0.5,3.8704605,0.06954332
2,32,LinearSchedule,md4,forward_backward,16,,,False,,0.5,3.905654,0.06755906
3,32,LinearSchedule,md4,forward_backward,16,,,False,,0.5,3.9001799,0.069141746
4,32,LinearSchedule,md4,forward_backward,16,,,False,,0.5,3.9069657,0.069826744
0,32,LinearSchedule,md4,forward_backward,16,,,False,,1.0,3.606345,0.08151971
1,32,LinearSchedule,md4,forward_backward,16,,,False,,1.0,3.5760183,0.08175591
2,32,LinearSchedule,md4,forward_backward,16,,,False,,1.0,3.6172497,0.0813622
3,32,LinearSchedule,md4,forward_backward,16,,,False,,1.0,3.5926797,0.08203936
4,32,LinearSchedule,md4,forward_backward,16,,,False,,1.0,3.5884497,0.08397637
0,32,LinearSchedule,md4,forward_backward,16,,,False,,1.5,3.2591538,0.09709448
1,32,LinearSchedule,md4,forward_backward,16,,,False,,1.5,3.2431335,0.09725196
2,32,LinearSchedule,md4,forward_backward,16,,,False,,1.5,3.2618942,0.097606294
3,32,LinearSchedule,md4,forward_backward,16,,,False,,1.5,3.2626429,0.09615749
4,32,LinearSchedule,md4,forward_backward,16,,,False,,1.5,3.2394402,0.099551186
0,32,LinearSchedule,md4,forward_backward,16,,,False,,2.0,2.9873736,0.11288979
1,32,LinearSchedule,md4,forward_backward,16,,,False,,2.0,2.927722,0.113677144
2,32,LinearSchedule,md4,forward_backward,16,,,False,,2.0,2.958785,0.11106298
3,32,LinearSchedule,md4,forward_backward,16,,,False,,2.0,2.9731486,0.11296063
4,32,LinearSchedule,md4,forward_backward,16,,,False,,2.0,2.9628258,0.11458268
0,32,LinearSchedule,md4,forward_backward,16,,,False,,3.0,2.535708,0.14503151
1,32,LinearSchedule,md4,forward_backward,16,,,False,,3.0,2.5332992,0.14305511
2,32,LinearSchedule,md4,forward_backward,16,,,False,,3.0,2.5482779,0.14249605
3,32,LinearSchedule,md4,forward_backward,16,,,False,,3.0,2.5315955,0.14556693
4,32,LinearSchedule,md4,forward_backward,16,,,False,,3.0,2.519933,0.14574803
0,32,LinearSchedule,md4,forward_backward,16,,,False,,4.0,2.2740598,0.16969293
1,32,LinearSchedule,md4,forward_backward,16,,,False,,4.0,2.2768915,0.16912596
2,32,LinearSchedule,md4,forward_backward,16,,,False,,4.0,2.265206,0.1684882
3,32,LinearSchedule,md4,forward_backward,16,,,False,,4.0,2.279527,0.16933858
4,32,LinearSchedule,md4,forward_backward,16,,,False,,4.0,2.2611246,0.17090555
0,32,LinearSchedule,md4,forward_backward,16,,,False,,5.0,2.096642,0.19180319
1,32,LinearSchedule,md4,forward_backward,16,,,False,,5.0,2.1124203,0.18992914
2,32,LinearSchedule,md4,forward_backward,16,,,False,,5.0,2.0982573,0.19075595
3,32,LinearSchedule,md4,forward_backward,16,,,False,,5.0,2.1082451,0.18919687
4,32,LinearSchedule,md4,forward_backward,16,,,False,,5.0,2.0909564,0.19114178
0,64,LinearSchedule,md4,forward_backward,32,,,False,,0.01,5.346477,0.034220472
1,64,LinearSchedule,md4,forward_backward,32,,,False,,0.01,5.2931933,0.03455906
2,64,LinearSchedule,md4,forward_backward,32,,,False,,0.01,5.2083335,0.035811022
3,64,LinearSchedule,md4,forward_backward,32,,,False,,0.01,5.330224,0.03390551
4,64,LinearSchedule,md4,forward_backward,32,,,False,,0.01,5.3222456,0.03470079
0,64,LinearSchedule,md4,forward_backward,32,,,False,,0.1,5.4363985,0.03440945
1,64,LinearSchedule,md4,forward_backward,32,,,False,,0.1,5.393107,0.034637794
2,64,LinearSchedule,md4,forward_backward,32,,,False,,0.1,5.392198,0.03482678
3,64,LinearSchedule,md4,forward_backward,32,,,False,,0.1,5.3983383,0.034472436
4,64,LinearSchedule,md4,forward_backward,32,,,False,,0.1,5.4239583,0.03411811
0,64,LinearSchedule,md4,forward_backward,32,,,False,,0.5,5.406547,0.036110234
1,64,LinearSchedule,md4,forward_backward,32,,,False,,0.5,5.4001603,0.03685039
2,64,LinearSchedule,md4,forward_backward,32,,,False,,0.5,5.396745,0.03587401
3,64,LinearSchedule,md4,forward_backward,32,,,False,,0.5,5.3965173,0.036826767
4,64,LinearSchedule,md4,forward_backward,32,,,False,,0.5,5.450752,0.035858266
0,64,LinearSchedule,md4,forward_backward,32,,,False,,1.0,5.0769477,0.043220475
1,64,LinearSchedule,md4,forward_backward,32,,,False,,1.0,5.1150894,0.043685038
2,64,LinearSchedule,md4,forward_backward,32,,,False,,1.0,5.063892,0.04293701
3,64,LinearSchedule,md4,forward_backward,32,,,False,,1.0,5.083803,0.043299217
4,64,LinearSchedule,md4,forward_backward,32,,,False,,1.0,5.055093,0.043976363
0,64,LinearSchedule,md4,forward_backward,32,,,False,,1.5,4.650994,0.052811023
1,64,LinearSchedule,md4,forward_backward,32,,,False,,1.5,4.6420546,0.0532992
2,64,LinearSchedule,md4,forward_backward,32,,,False,,1.5,4.638185,0.052574806
3,64,LinearSchedule,md4,forward_backward,32,,,False,,1.5,4.5925875,0.053818893
4,64,LinearSchedule,md4,forward_backward,32,,,False,,1.5,4.6054764,0.054559067
0,64,LinearSchedule,md4,forward_backward,32,,,False,,2.0,4.2488217,0.06261417
1,64,LinearSchedule,md4,forward_backward,32,,,False,,2.0,4.272791,0.06339371
2,64,LinearSchedule,md4,forward_backward,32,,,False,,2.0,4.1555743,0.06439369
3,64,LinearSchedule,md4,forward_backward,32,,,False,,2.0,4.1839633,0.06449608
4,64,LinearSchedule,md4,forward_backward,32,,,False,,2.0,4.2228894,0.06395276
0,64,LinearSchedule,md4,forward_backward,32,,,False,,3.0,3.6408112,0.08462203
1,64,LinearSchedule,md4,forward_backward,32,,,False,,3.0,3.6193976,0.0828819
2,64,LinearSchedule,md4,forward_backward,32,,,False,,3.0,3.5697353,0.084811024
3,64,LinearSchedule,md4,forward_backward,32,,,False,,3.0,3.5781176,0.084448814
4,64,LinearSchedule,md4,forward_backward,32,,,False,,3.0,3.581321,0.08570868
0,64,LinearSchedule,md4,forward_backward,32,,,False,,4.0,3.182813,0.104748026
1,64,LinearSchedule,md4,forward_backward,32,,,False,,4.0,3.1702785,0.10233073
2,64,LinearSchedule,md4,forward_backward,32,,,False,,4.0,3.1458905,0.10402364
3,64,LinearSchedule,md4,forward_backward,32,,,False,,4.0,3.1616647,0.10344096
4,64,LinearSchedule,md4,forward_backward,32,,,False,,4.0,3.1518555,0.10556692
0,64,LinearSchedule,md4,forward_backward,32,,,False,,5.0,2.8856776,0.12286615
1,64,LinearSchedule,md4,forward_backward,32,,,False,,5.0,2.8612301,0.121063
2,64,LinearSchedule,md4,forward_backward,32,,,False,,5.0,2.838578,0.12303939
3,64,LinearSchedule,md4,forward_backward,32,,,False,,5.0,2.8493836,0.12190551
4,64,LinearSchedule,md4,forward_backward,32,,,False,,5.0,2.85976,0.122866146
0,128,LinearSchedule,md4,forward_backward,64,,,False,,0.01,6.779302,0.0173937
1,128,LinearSchedule,md4,forward_backward,64,,,False,,0.01,6.8372416,0.01664567
2,128,LinearSchedule,md4,forward_backward,64,,,False,,0.01,6.7742786,0.017181106
3,128,LinearSchedule,md4,forward_backward,64,,,False,,0.01,6.6991153,0.017653545
4,128,LinearSchedule,md4,forward_backward,64,,,False,,0.01,6.7400346,0.01762205
0,128,LinearSchedule,md4,forward_backward,64,,,False,,0.1,6.847483,0.017937012
1,128,LinearSchedule,md4,forward_backward,64,,,False,,0.1,6.8758054,0.016779533
2,128,LinearSchedule,md4,forward_backward,64,,,False,,0.1,6.8070626,0.017133862
3,128,LinearSchedule,md4,forward_backward,64,,,False,,0.1,6.8614316,0.016826775
4,128,LinearSchedule,md4,forward_backward,64,,,False,,0.1,6.8559184,0.017748032
0,128,LinearSchedule,md4,forward_backward,64,,,False,,0.5,6.8143106,0.018897643
1,128,LinearSchedule,md4,forward_backward,64,,,False,,0.5,6.899153,0.017598428
2,128,LinearSchedule,md4,forward_backward,64,,,False,,0.5,6.847849,0.018409451
3,128,LinearSchedule,md4,forward_backward,64,,,False,,0.5,6.9282813,0.018015752
4,128,LinearSchedule,md4,forward_backward,64,,,False,,0.5,6.8052526,0.018283468
0,128,LinearSchedule,md4,forward_backward,64,,,False,,1.0,6.4793725,0.023118109
1,128,LinearSchedule,md4,forward_backward,64,,,False,,1.0,6.5853786,0.021708665
2,128,LinearSchedule,md4,forward_backward,64,,,False,,1.0,6.5735416,0.022637798
3,128,LinearSchedule,md4,forward_backward,64,,,False,,1.0,6.514326,0.022165354
4,128,LinearSchedule,md4,forward_backward,64,,,False,,1.0,6.519635,0.02344882
0,128,LinearSchedule,md4,forward_backward,64,,,False,,1.5,6.103958,0.028212601
1,128,LinearSchedule,md4,forward_backward,64,,,False,,1.5,6.201851,0.026929138
2,128,LinearSchedule,md4,forward_backward,64,,,False,,1.5,6.1874604,0.027645675
3,128,LinearSchedule,md4,forward_backward,64,,,False,,1.5,6.0885696,0.028275596
4,128,LinearSchedule,md4,forward_backward,64,,,False,,1.5,6.1092024,0.028472442
0,128,LinearSchedule,md4,forward_backward,64,,,False,,2.0,5.6972446,0.035015754
1,128,LinearSchedule,md4,forward_backward,64,,,False,,2.0,5.774349,0.03320472
2,128,LinearSchedule,md4,forward_backward,64,,,False,,2.0,5.711481,0.03362992
3,128,LinearSchedule,md4,forward_backward,64,,,False,,2.0,5.7616134,0.033275582
4,128,LinearSchedule,md4,forward_backward,64,,,False,,2.0,5.6972446,0.033685047
0,128,LinearSchedule,md4,forward_backward,64,,,False,,3.0,4.9591255,0.047685042
1,128,LinearSchedule,md4,forward_backward,64,,,False,,3.0,5.01764,0.044700783
2,128,LinearSchedule,md4,forward_backward,64,,,False,,3.0,5.014102,0.044763785
3,128,LinearSchedule,md4,forward_backward,64,,,False,,3.0,5.048911,0.04561418
4,128,LinearSchedule,md4,forward_backward,64,,,False,,3.0,4.9929786,0.046031494
0,128,LinearSchedule,md4,forward_backward,64,,,False,,4.0,4.4425936,0.060551178
1,128,LinearSchedule,md4,forward_backward,64,,,False,,4.0,4.4571347,0.057519678
2,128,LinearSchedule,md4,forward_backward,64,,,False,,4.0,4.4376645,0.057385813
3,128,LinearSchedule,md4,forward_backward,64,,,False,,4.0,4.449234,0.058503937
4,128,LinearSchedule,md4,forward_backward,64,,,False,,4.0,4.412728,0.058700778
0,128,LinearSchedule,md4,forward_backward,64,,,False,,5.0,3.9860485,0.07097638
1,128,LinearSchedule,md4,forward_backward,64,,,False,,5.0,4.0423174,0.06990552
2,128,LinearSchedule,md4,forward_backward,64,,,False,,5.0,4.0295925,0.068716526
3,128,LinearSchedule,md4,forward_backward,64,,,False,,5.0,4.0344186,0.07
4,128,LinearSchedule,md4,forward_backward,64,,,False,,5.0,4.041297,0.068984255
