nfe,forward_process,predictor_type,corrector_type,num_steps,gibbs_k,gibbs_temperature,anneal_temperature,maskgit_temperature,avg_run_length,error_rate
8,LinearSchedule,md4,none,8,,,True,,2.4710426,0.1331811
8,LinearSchedule,md4,none,8,,,True,,2.4500422,0.13445672
8,LinearSchedule,md4,none,8,,,True,,2.4607813,0.13315748
8,LinearSchedule,md4,none,8,,,True,,2.4692311,0.13418113
8,LinearSchedule,md4,none,8,,,True,,2.4494326,0.1335748
8,LinearSchedule,md4,gibbs,4,1,0.1,True,,1.7754598,0.1934961
8,LinearSchedule,md4,gibbs,4,1,0.1,True,,1.7779753,0.19184248
8,LinearSchedule,md4,gibbs,4,1,0.1,True,,1.7744999,0.19265358
8,LinearSchedule,md4,gibbs,4,1,0.1,True,,1.7786671,0.19270867
8,LinearSchedule,md4,gibbs,4,1,0.1,True,,1.7854651,0.1920079
8,LinearSchedule,md4,gibbs,4,1,0.5,True,,1.775706,0.19342522
8,LinearSchedule,md4,gibbs,4,1,0.5,True,,1.7780493,0.19185822
8,LinearSchedule,md4,gibbs,4,1,0.5,True,,1.7745245,0.19263785
8,LinearSchedule,md4,gibbs,4,1,0.5,True,,1.7789143,0.1927008
8,LinearSchedule,md4,gibbs,4,1,0.5,True,,1.785515,0.19200003
8,LinearSchedule,md4,gibbs,4,1,1.0,True,,1.7759773,0.19333073
8,LinearSchedule,md4,gibbs,4,1,1.0,True,,1.7781235,0.19189759
8,LinearSchedule,md4,gibbs,4,1,1.0,True,,1.7743523,0.19270083
8,LinearSchedule,md4,gibbs,4,1,1.0,True,,1.7787166,0.19259845
8,LinearSchedule,md4,gibbs,4,1,1.0,True,,1.7854651,0.19200003
8,LinearSchedule,md4,gibbs,4,1,2.0,True,,1.775706,0.19337009
8,LinearSchedule,md4,gibbs,4,1,2.0,True,,1.778,0.19190547
8,LinearSchedule,md4,gibbs,4,1,2.0,True,,1.7744261,0.19263785
8,LinearSchedule,md4,gibbs,4,1,2.0,True,,1.778593,0.1926142
8,LinearSchedule,md4,gibbs,4,1,2.0,True,,1.7852162,0.19204728
8,LinearSchedule,md4,gibbs,4,1,4.0,True,,1.7751642,0.19342521
8,LinearSchedule,md4,gibbs,4,1,4.0,True,,1.7778271,0.19190547
8,LinearSchedule,md4,gibbs,4,1,4.0,True,,1.7740326,0.19261423
8,LinearSchedule,md4,gibbs,4,1,4.0,True,,1.7781482,0.1926142
8,LinearSchedule,md4,gibbs,4,1,4.0,True,,1.7848179,0.19212602
8,LinearSchedule,md4,gibbs,4,2,0.1,True,,1.783475,0.19353545
8,LinearSchedule,md4,gibbs,4,2,0.1,True,,1.7860881,0.19207086
8,LinearSchedule,md4,gibbs,4,2,0.1,True,,1.780597,0.19273229
8,LinearSchedule,md4,gibbs,4,2,0.1,True,,1.7841462,0.19259056
8,LinearSchedule,md4,gibbs,4,2,0.1,True,,1.7925414,0.19200788
8,LinearSchedule,md4,gibbs,4,2,0.5,True,,1.7836987,0.19350395
8,LinearSchedule,md4,gibbs,4,2,0.5,True,,1.7861878,0.19207086
8,LinearSchedule,md4,gibbs,4,2,0.5,True,,1.780597,0.19274804
8,LinearSchedule,md4,gibbs,4,2,0.5,True,,1.7843451,0.1925512
8,LinearSchedule,md4,gibbs,4,2,0.5,True,,1.7925414,0.19204725
8,LinearSchedule,md4,gibbs,4,2,1.0,True,,1.7834253,0.19353545
8,LinearSchedule,md4,gibbs,4,2,1.0,True,,1.7858388,0.19206297
8,LinearSchedule,md4,gibbs,4,2,1.0,True,,1.7807952,0.19279528
8,LinearSchedule,md4,gibbs,4,2,1.0,True,,1.7843701,0.19248821
8,LinearSchedule,md4,gibbs,4,2,1.0,True,,1.792692,0.19199213
8,LinearSchedule,md4,gibbs,4,2,2.0,True,,1.783152,0.19345672
8,LinearSchedule,md4,gibbs,4,2,2.0,True,,1.7854651,0.19191335
8,LinearSchedule,md4,gibbs,4,2,2.0,True,,1.7808448,0.19281104
8,LinearSchedule,md4,gibbs,4,2,2.0,True,,1.7839224,0.19238584
8,LinearSchedule,md4,gibbs,4,2,2.0,True,,1.7928677,0.19196068
8,LinearSchedule,md4,gibbs,4,2,4.0,True,,1.7820349,0.19355908
8,LinearSchedule,md4,gibbs,4,2,4.0,True,,1.7846189,0.19193698
8,LinearSchedule,md4,gibbs,4,2,4.0,True,,1.7804979,0.19278742
8,LinearSchedule,md4,gibbs,4,2,4.0,True,,1.7829036,0.19244882
8,LinearSchedule,md4,gibbs,4,2,4.0,True,,1.7922903,0.19203153
8,LinearSchedule,md4,gibbs,4,4,0.1,True,,1.8077819,0.19392124
8,LinearSchedule,md4,gibbs,4,4,0.1,True,,1.8057673,0.19234645
8,LinearSchedule,md4,gibbs,4,4,0.1,True,,1.8022585,0.19441731
8,LinearSchedule,md4,gibbs,4,4,0.1,True,,1.811056,0.19282684
8,LinearSchedule,md4,gibbs,4,4,0.1,True,,1.8126203,0.19337007
8,LinearSchedule,md4,gibbs,4,4,0.5,True,,1.8079606,0.19381887
8,LinearSchedule,md4,gibbs,4,4,0.5,True,,1.8064042,0.19237009
8,LinearSchedule,md4,gibbs,4,4,0.5,True,,1.8025885,0.19429132
8,LinearSchedule,md4,gibbs,4,4,0.5,True,,1.810646,0.19294494
8,LinearSchedule,md4,gibbs,4,4,0.5,True,,1.8129542,0.1932992
8,LinearSchedule,md4,gibbs,4,4,1.0,True,,1.8084459,0.19355117
8,LinearSchedule,md4,gibbs,4,4,1.0,True,,1.8057673,0.19237794
8,LinearSchedule,md4,gibbs,4,4,1.0,True,,1.8027662,0.19413388
8,LinearSchedule,md4,gibbs,4,4,1.0,True,,1.8099548,0.19287407
8,LinearSchedule,md4,gibbs,4,4,1.0,True,,1.813699,0.19336224
8,LinearSchedule,md4,gibbs,4,4,2.0,True,,1.8084717,0.19355904
8,LinearSchedule,md4,gibbs,4,4,2.0,True,,1.8071948,0.19203939
8,LinearSchedule,md4,gibbs,4,4,2.0,True,,1.8031218,0.19393702
8,LinearSchedule,md4,gibbs,4,4,2.0,True,,1.8095454,0.1927402
8,LinearSchedule,md4,gibbs,4,4,2.0,True,,1.8133138,0.19307876
8,LinearSchedule,md4,gibbs,4,4,4.0,True,,1.8056653,0.1933937
8,LinearSchedule,md4,gibbs,4,4,4.0,True,,1.8050796,0.19193701
8,LinearSchedule,md4,gibbs,4,4,4.0,True,,1.801168,0.19369292
8,LinearSchedule,md4,gibbs,4,4,4.0,True,,1.8072715,0.19277959
8,LinearSchedule,md4,gibbs,4,4,4.0,True,,1.8120558,0.19262993
8,LinearSchedule,md4,gibbs,4,8,0.1,True,,1.8496307,0.2014567
8,LinearSchedule,md4,gibbs,4,8,0.1,True,,1.8522538,0.2012834
8,LinearSchedule,md4,gibbs,4,8,0.1,True,,1.8486958,0.20272441
8,LinearSchedule,md4,gibbs,4,8,0.1,True,,1.8484288,0.20256694
8,LinearSchedule,md4,gibbs,4,8,0.1,True,,1.8593841,0.19959053
8,LinearSchedule,md4,gibbs,4,8,0.5,True,,1.8514768,0.20108658
8,LinearSchedule,md4,gibbs,4,8,0.5,True,,1.8503528,0.20110233
8,LinearSchedule,md4,gibbs,4,8,0.5,True,,1.8492032,0.20311026
8,LinearSchedule,md4,gibbs,4,8,0.5,True,,1.8479217,0.20197639
8,LinearSchedule,md4,gibbs,4,8,0.5,True,,1.8568215,0.20010237
8,LinearSchedule,md4,gibbs,4,8,1.0,True,,1.8501387,0.20075595
8,LinearSchedule,md4,gibbs,4,8,1.0,True,,1.8493636,0.200874
8,LinearSchedule,md4,gibbs,4,8,1.0,True,,1.8491498,0.20289764
8,LinearSchedule,md4,gibbs,4,8,1.0,True,,1.8494438,0.20152757
8,LinearSchedule,md4,gibbs,4,8,1.0,True,,1.8574144,0.19925986
8,LinearSchedule,md4,gibbs,4,8,2.0,True,,1.8499249,0.20027557
8,LinearSchedule,md4,gibbs,4,8,2.0,True,,1.8504062,0.19919683
8,LinearSchedule,md4,gibbs,4,8,2.0,True,,1.8452312,0.20225194
8,LinearSchedule,md4,gibbs,4,8,2.0,True,,1.8506737,0.20096847
8,LinearSchedule,md4,gibbs,4,8,2.0,True,,1.8562024,0.19968508
8,LinearSchedule,md4,gibbs,4,8,4.0,True,,1.8397678,0.19979529
8,LinearSchedule,md4,gibbs,4,8,4.0,True,,1.847495,0.19832285
8,LinearSchedule,md4,gibbs,4,8,4.0,True,,1.8420446,0.2008189
8,LinearSchedule,md4,gibbs,4,8,4.0,True,,1.8463225,0.20014176
8,LinearSchedule,md4,gibbs,4,8,4.0,True,,1.8533534,0.19850396
8,LinearSchedule,md4,gibbs,4,16,0.1,True,,1.8819379,0.21467717
8,LinearSchedule,md4,gibbs,4,16,0.1,True,,1.8802239,0.21329138
8,LinearSchedule,md4,gibbs,4,16,0.1,True,,1.8761451,0.2157953
8,LinearSchedule,md4,gibbs,4,16,0.1,True,,1.873454,0.21337797
8,LinearSchedule,md4,gibbs,4,16,0.1,True,,1.8911971,0.211063
8,LinearSchedule,md4,gibbs,4,16,0.5,True,,1.8775761,0.2157953
8,LinearSchedule,md4,gibbs,4,16,0.5,True,,1.8750733,0.21392126
8,LinearSchedule,md4,gibbs,4,16,0.5,True,,1.8786234,0.21596064
8,LinearSchedule,md4,gibbs,4,16,0.5,True,,1.8717008,0.21407875
8,LinearSchedule,md4,gibbs,4,16,0.5,True,,1.8916442,0.21185043
8,LinearSchedule,md4,gibbs,4,16,1.0,True,,1.868613,0.2165669
8,LinearSchedule,md4,gibbs,4,16,1.0,True,,1.8720566,0.21397635
8,LinearSchedule,md4,gibbs,4,16,1.0,True,,1.8721113,0.21700788
8,LinearSchedule,md4,gibbs,4,16,1.0,True,,1.8696777,0.21378738
8,LinearSchedule,md4,gibbs,4,16,1.0,True,,1.8868203,0.21186614
8,LinearSchedule,md4,gibbs,4,16,2.0,True,,1.8603029,0.2170158
8,LinearSchedule,md4,gibbs,4,16,2.0,True,,1.8641772,0.21429926
8,LinearSchedule,md4,gibbs,4,16,2.0,True,,1.8707434,0.21770863
8,LinearSchedule,md4,gibbs,4,16,2.0,True,,1.8646389,0.21492915
8,LinearSchedule,md4,gibbs,4,16,2.0,True,,1.8768053,0.21349607
8,LinearSchedule,md4,gibbs,4,16,4.0,True,,1.846722,0.21680315
8,LinearSchedule,md4,gibbs,4,16,4.0,True,,1.8545618,0.2146063
8,LinearSchedule,md4,gibbs,4,16,4.0,True,,1.859168,0.2184725
8,LinearSchedule,md4,gibbs,4,16,4.0,True,,1.8540246,0.21586615
8,LinearSchedule,md4,gibbs,4,16,4.0,True,,1.8597894,0.21559842
9,LinearSchedule,md4,gibbs_argmax,4,1,0.1,True,,3.0430546,0.038842525
9,LinearSchedule,md4,gibbs_argmax,4,1,0.1,True,,3.036053,0.039582677
9,LinearSchedule,md4,gibbs_argmax,4,1,0.1,True,,3.0273647,0.037685037
9,LinearSchedule,md4,gibbs_argmax,4,1,0.1,True,,3.0470388,0.03894489
9,LinearSchedule,md4,gibbs_argmax,4,1,0.1,True,,3.0688818,0.03783466
9,LinearSchedule,md4,gibbs_argmax,4,1,0.5,True,,3.0435607,0.038803153
9,LinearSchedule,md4,gibbs_argmax,4,1,0.5,True,,3.0364132,0.03956693
9,LinearSchedule,md4,gibbs_argmax,4,1,0.5,True,,3.0270782,0.037685037
9,LinearSchedule,md4,gibbs_argmax,4,1,0.5,True,,3.047111,0.03892914
9,LinearSchedule,md4,gibbs_argmax,4,1,0.5,True,,3.06925,0.037811033
9,LinearSchedule,md4,gibbs_argmax,4,1,1.0,True,,3.0439951,0.038685046
9,LinearSchedule,md4,gibbs_argmax,4,1,1.0,True,,3.0366294,0.039590552
9,LinearSchedule,md4,gibbs_argmax,4,1,1.0,True,,3.026935,0.037716538
9,LinearSchedule,md4,gibbs_argmax,4,1,1.0,True,,3.047619,0.038874023
9,LinearSchedule,md4,gibbs_argmax,4,1,1.0,True,,3.0688083,0.03783465
9,LinearSchedule,md4,gibbs_argmax,4,1,2.0,True,,3.0428374,0.03871654
9,LinearSchedule,md4,gibbs_argmax,4,1,2.0,True,,3.0363412,0.039622046
9,LinearSchedule,md4,gibbs_argmax,4,1,2.0,True,,3.0261478,0.037708662
9,LinearSchedule,md4,gibbs_argmax,4,1,2.0,True,,3.047111,0.038881894
9,LinearSchedule,md4,gibbs_argmax,4,1,2.0,True,,3.0688083,0.037834655
9,LinearSchedule,md4,gibbs_argmax,4,1,4.0,True,,3.0415359,0.038803153
9,LinearSchedule,md4,gibbs_argmax,4,1,4.0,True,,3.0362692,0.039653547
9,LinearSchedule,md4,gibbs_argmax,4,1,4.0,True,,3.0245032,0.037755907
9,LinearSchedule,md4,gibbs_argmax,4,1,4.0,True,,3.044792,0.03892914
9,LinearSchedule,md4,gibbs_argmax,4,1,4.0,True,,3.0685139,0.037897646
9,LinearSchedule,md4,gibbs_argmax,4,2,0.1,True,,3.0713856,0.037228342
9,LinearSchedule,md4,gibbs_argmax,4,2,0.1,True,,3.0665293,0.03804725
9,LinearSchedule,md4,gibbs_argmax,4,2,0.1,True,,3.0551841,0.036000006
9,LinearSchedule,md4,gibbs_argmax,4,2,0.1,True,,3.0739672,0.037118107
9,LinearSchedule,md4,gibbs_argmax,4,2,0.1,True,,3.1009254,0.035937008
9,LinearSchedule,md4,gibbs_argmax,4,2,0.5,True,,3.0728605,0.03719685
9,LinearSchedule,md4,gibbs_argmax,4,2,0.5,True,,3.0666761,0.038007878
9,LinearSchedule,md4,gibbs_argmax,4,2,0.5,True,,3.0556219,0.03597638
9,LinearSchedule,md4,gibbs_argmax,4,2,0.5,True,,3.0741887,0.03713385
9,LinearSchedule,md4,gibbs_argmax,4,2,0.5,True,,3.1009254,0.0359685
9,LinearSchedule,md4,gibbs_argmax,4,2,1.0,True,,3.0707963,0.03729921
9,LinearSchedule,md4,gibbs_argmax,4,2,1.0,True,,3.0671906,0.038055122
9,LinearSchedule,md4,gibbs_argmax,4,2,1.0,True,,3.0562053,0.035913385
9,LinearSchedule,md4,gibbs_argmax,4,2,1.0,True,,3.0731554,0.03725197
9,LinearSchedule,md4,gibbs_argmax,4,2,1.0,True,,3.1004746,0.035952754
9,LinearSchedule,md4,gibbs_argmax,4,2,2.0,True,,3.070428,0.037338573
9,LinearSchedule,md4,gibbs_argmax,4,2,2.0,True,,3.0659418,0.03813386
9,LinearSchedule,md4,gibbs_argmax,4,2,2.0,True,,3.054674,0.03595276
9,LinearSchedule,md4,gibbs_argmax,4,2,2.0,True,,3.0711644,0.037393704
9,LinearSchedule,md4,gibbs_argmax,4,2,2.0,True,,3.1004746,0.036039375
9,LinearSchedule,md4,gibbs_argmax,4,2,4.0,True,,3.0666761,0.037488185
9,LinearSchedule,md4,gibbs_argmax,4,2,4.0,True,,3.0635936,0.038141735
9,LinearSchedule,md4,gibbs_argmax,4,2,4.0,True,,3.0534353,0.03608662
9,LinearSchedule,md4,gibbs_argmax,4,2,4.0,True,,3.068073,0.037433073
9,LinearSchedule,md4,gibbs_argmax,4,2,4.0,True,,3.099424,0.036102366
9,LinearSchedule,md4,gibbs_argmax,4,4,0.1,True,,3.1779137,0.032763783
9,LinearSchedule,md4,gibbs_argmax,4,4,0.1,True,,3.162368,0.033566926
9,LinearSchedule,md4,gibbs_argmax,4,4,0.1,True,,3.1576092,0.031433072
9,LinearSchedule,md4,gibbs_argmax,4,4,0.1,True,,3.2028825,0.032078736
9,LinearSchedule,md4,gibbs_argmax,4,4,0.1,True,,3.1901903,0.03241732
9,LinearSchedule,md4,gibbs_argmax,4,4,0.5,True,,3.1778347,0.032755908
9,LinearSchedule,md4,gibbs_argmax,4,4,0.5,True,,3.1647918,0.033385817
9,LinearSchedule,md4,gibbs_argmax,4,4,0.5,True,,3.1586223,0.031338584
9,LinearSchedule,md4,gibbs_argmax,4,4,0.5,True,,3.2013605,0.03210236
9,LinearSchedule,md4,gibbs_argmax,4,4,0.5,True,,3.1913037,0.032409444
9,LinearSchedule,md4,gibbs_argmax,4,4,1.0,True,,3.1787815,0.032685038
9,LinearSchedule,md4,gibbs_argmax,4,4,1.0,True,,3.1647918,0.033354327
9,LinearSchedule,md4,gibbs_argmax,4,4,1.0,True,,3.1590898,0.031244095
9,LinearSchedule,md4,gibbs_argmax,4,4,1.0,True,,3.19968,0.03208661
9,LinearSchedule,md4,gibbs_argmax,4,4,1.0,True,,3.1920996,0.03216535
9,LinearSchedule,md4,gibbs_argmax,4,4,2.0,True,,3.1812308,0.03255118
9,LinearSchedule,md4,gibbs_argmax,4,4,2.0,True,,3.174131,0.032850392
9,LinearSchedule,md4,gibbs_argmax,4,4,2.0,True,,3.1626804,0.03117323
9,LinearSchedule,md4,gibbs_argmax,4,4,2.0,True,,3.19984,0.03205512
9,LinearSchedule,md4,gibbs_argmax,4,4,2.0,True,,3.1957657,0.031968504
9,LinearSchedule,md4,gibbs_argmax,4,4,4.0,True,,3.1755483,0.032653544
9,LinearSchedule,md4,gibbs_argmax,4,4,4.0,True,,3.1665924,0.033173226
9,LinearSchedule,md4,gibbs_argmax,4,4,4.0,True,,3.1576872,0.031480316
9,LinearSchedule,md4,gibbs_argmax,4,4,4.0,True,,3.1905084,0.032220468
9,LinearSchedule,md4,gibbs_argmax,4,4,4.0,True,,3.1951275,0.0318504
9,LinearSchedule,md4,gibbs_argmax,4,8,0.1,True,,3.36541,0.03450394
9,LinearSchedule,md4,gibbs_argmax,4,8,0.1,True,,3.3296914,0.035236232
9,LinearSchedule,md4,gibbs_argmax,4,8,0.1,True,,3.3342016,0.033417318
9,LinearSchedule,md4,gibbs_argmax,4,8,0.1,True,,3.3702836,0.03396064
9,LinearSchedule,md4,gibbs_argmax,4,8,0.1,True,,3.3670917,0.034692913
9,LinearSchedule,md4,gibbs_argmax,4,8,0.5,True,,3.3693075,0.03423622
9,LinearSchedule,md4,gibbs_argmax,4,8,0.5,True,,3.329085,0.035133857
9,LinearSchedule,md4,gibbs_argmax,4,8,0.5,True,,3.341077,0.03337008
9,LinearSchedule,md4,gibbs_argmax,4,8,0.5,True,,3.3714375,0.03402362
9,LinearSchedule,md4,gibbs_argmax,4,8,0.5,True,,3.3662066,0.03471653
9,LinearSchedule,md4,gibbs_argmax,4,8,1.0,True,,3.366295,0.03444882
9,LinearSchedule,md4,gibbs_argmax,4,8,1.0,True,,3.3267488,0.03511024
9,LinearSchedule,md4,gibbs_argmax,4,8,1.0,True,,3.3444815,0.033228353
9,LinearSchedule,md4,gibbs_argmax,4,8,1.0,True,,3.3812342,0.033503942
9,LinearSchedule,md4,gibbs_argmax,4,8,1.0,True,,3.368953,0.033976376
9,LinearSchedule,md4,gibbs_argmax,4,8,2.0,True,,3.3697512,0.03415748
9,LinearSchedule,md4,gibbs_argmax,4,8,2.0,True,,3.3441322,0.03374803
9,LinearSchedule,md4,gibbs_argmax,4,8,2.0,True,,3.3422983,0.0327874
9,LinearSchedule,md4,gibbs_argmax,4,8,2.0,True,,3.3900099,0.033417325
9,LinearSchedule,md4,gibbs_argmax,4,8,2.0,True,,3.373748,0.03384252
9,LinearSchedule,md4,gibbs_argmax,4,8,4.0,True,,3.347193,0.03347244
9,LinearSchedule,md4,gibbs_argmax,4,8,4.0,True,,3.3332465,0.033196855
9,LinearSchedule,md4,gibbs_argmax,4,8,4.0,True,,3.3397694,0.031858273
9,LinearSchedule,md4,gibbs_argmax,4,8,4.0,True,,3.380877,0.0324252
9,LinearSchedule,md4,gibbs_argmax,4,8,4.0,True,,3.370461,0.032826774
9,LinearSchedule,md4,gibbs_argmax,4,16,0.1,True,,3.4376256,0.045889776
9,LinearSchedule,md4,gibbs_argmax,4,16,0.1,True,,3.4364262,0.045787394
9,LinearSchedule,md4,gibbs_argmax,4,16,0.1,True,,3.4210875,0.046811026
9,LinearSchedule,md4,gibbs_argmax,4,16,0.1,True,,3.4124234,0.04725984
9,LinearSchedule,md4,gibbs_argmax,4,16,0.1,True,,3.4565635,0.04573229
9,LinearSchedule,md4,gibbs_argmax,4,16,0.5,True,,3.434582,0.045834646
9,LinearSchedule,md4,gibbs_argmax,4,16,0.5,True,,3.4386415,0.046354327
9,LinearSchedule,md4,gibbs_argmax,4,16,0.5,True,,3.4309916,0.046448816
9,LinearSchedule,md4,gibbs_argmax,4,16,0.5,True,,3.4119685,0.047173228
9,LinearSchedule,md4,gibbs_argmax,4,16,0.5,True,,3.462454,0.046015747
9,LinearSchedule,md4,gibbs_argmax,4,16,1.0,True,,3.4418778,0.046102367
9,LinearSchedule,md4,gibbs_argmax,4,16,1.0,True,,3.4299803,0.047188975
9,LinearSchedule,md4,gibbs_argmax,4,16,1.0,True,,3.4147904,0.04752756
9,LinearSchedule,md4,gibbs_argmax,4,16,1.0,True,,3.4146993,0.047566928
9,LinearSchedule,md4,gibbs_argmax,4,16,1.0,True,,3.4575906,0.04666142
9,LinearSchedule,md4,gibbs_argmax,4,16,2.0,True,,3.435873,0.047448818
9,LinearSchedule,md4,gibbs_argmax,4,16,2.0,True,,3.425391,0.046874013
9,LinearSchedule,md4,gibbs_argmax,4,16,2.0,True,,3.4431741,0.04711024
9,LinearSchedule,md4,gibbs_argmax,4,16,2.0,True,,3.426216,0.04759054
9,LinearSchedule,md4,gibbs_argmax,4,16,2.0,True,,3.464422,0.047244094
9,LinearSchedule,md4,gibbs_argmax,4,16,4.0,True,,3.3864226,0.048661415
9,LinearSchedule,md4,gibbs_argmax,4,16,4.0,True,,3.4113321,0.047590543
9,LinearSchedule,md4,gibbs_argmax,4,16,4.0,True,,3.4123325,0.047826767
9,LinearSchedule,md4,gibbs_argmax,4,16,4.0,True,,3.416522,0.048283458
9,LinearSchedule,md4,gibbs_argmax,4,16,4.0,True,,3.4273167,0.048267707
